,feature_1,feature_2,feature_3,feature_4,feature_5,feature_6,feature_7,feature_8,feature_9,feature_10,feature_11,feature_12,feature_13,feature_14,feature_15,feature_16,feature_17,feature_18,feature_19,grade
0,24.1574362123,12.4667901189,16.3049438922,30.8,7.5275974026,210.0,15.0,6.0,139.0,78.0,15.0,32.0,12.0,9.0,264.0,296.0,305.0,15.0,20.0,six
1,23.9789390566,11.8386018327,16.4792160474,30.0434782609,6.78292329957,176.0,16.0,4.0,142.0,106.0,19.0,32.0,12.0,30.0,299.0,405.0,277.0,9.0,23.0,six
2,24.0021104414,12.0461332951,16.2292445335,19.4242424242,7.48205928237,188.0,11.0,5.0,134.0,105.0,15.0,28.0,9.0,24.0,282.0,352.0,273.0,16.0,33.0,six
3,23.180483483,12.068042831,15.4854990814,24.3939393939,7.8248447205,228.0,26.0,5.0,177.0,99.0,29.0,38.0,12.0,20.0,343.0,404.0,357.0,44.0,33.0,six
4,23.1237629261,11.9480611953,15.9467685051,21.4666666667,7.14751552795,149.0,10.0,13.0,87.0,104.0,26.0,34.0,6.0,39.0,251.0,378.0,258.0,8.0,30.0,six
5,22.8709729345,12.2104050823,15.9386650548,20.3888888889,7.43732970027,220.0,26.0,13.0,154.0,105.0,15.0,22.0,6.0,19.0,296.0,366.0,353.0,15.0,36.0,six
6,23.6331575209,11.9810453048,16.2091581687,20.3571428571,7.00935672515,220.0,25.0,7.0,124.0,145.0,34.0,63.0,9.0,43.0,366.0,494.0,352.0,9.0,42.0,six
7,24.8171537067,12.1802821632,16.5438091857,22.2894736842,7.02715466352,227.0,19.0,9.0,117.0,151.0,32.0,52.0,12.0,59.0,352.0,463.0,375.0,9.0,38.0,six
8,22.8411300017,12.901309208,15.4171996703,26.8181818182,8.18983050847,92.0,6.0,7.0,65.0,26.0,15.0,2.0,1.0,19.0,108.0,120.0,164.0,11.0,11.0,six
9,24.2939688493,11.9107156799,16.3194233604,22.675,6.97243660419,239.0,6.0,5.0,149.0,167.0,45.0,58.0,6.0,63.0,419.0,545.0,341.0,21.0,40.0,six
10,22.8861656093,12.1792074457,15.9059473319,33.1612903226,7.3579766537,298.0,11.0,14.0,140.0,143.0,47.0,53.0,18.0,48.0,383.0,514.0,496.0,18.0,31.0,six
11,24.2802378705,12.5885129978,16.7072375445,25.1851851852,7.37352941176,194.0,22.0,5.0,129.0,99.0,23.0,35.0,9.0,26.0,286.0,323.0,347.0,10.0,27.0,six
12,23.4836757386,11.9878440088,16.0961798298,16.2857142857,7.22681704261,219.0,24.0,6.0,138.0,130.0,22.0,46.0,9.0,34.0,336.0,439.0,346.0,13.0,49.0,six
13,23.2889483652,12.0673009842,16.0682698128,22.7222222222,7.44987775061,227.0,11.0,12.0,138.0,145.0,28.0,43.0,4.0,36.0,354.0,427.0,372.0,19.0,36.0,six
14,23.732649093,12.3282293514,16.4831049101,26.6046511628,7.1486013986,321.0,48.0,7.0,202.0,178.0,29.0,69.0,8.0,47.0,478.0,619.0,518.0,7.0,43.0,six
15,20.7224132971,11.1568876106,15.6662207498,9.33333333333,7.05357142857,12.0,2.0,1.0,11.0,12.0,4.0,1.0,0.0,2.0,28.0,33.0,22.0,1.0,6.0,six
16,22.8441496065,12.109825847,16.2516815251,22.5,7.11633986928,204.0,19.0,3.0,136.0,117.0,29.0,66.0,15.0,26.0,348.0,420.0,333.0,12.0,34.0,six
17,24.2071992262,12.4982610872,16.7641422647,22.8518518519,7.05024311183,160.0,18.0,8.0,100.0,119.0,17.0,30.0,10.0,40.0,266.0,361.0,248.0,8.0,27.0,six
18,22.5746023029,11.9437913154,15.622579621,28.0,7.68253968254,128.0,12.0,5.0,82.0,70.0,27.0,26.0,4.0,12.0,205.0,246.0,247.0,11.0,18.0,six
19,24.2666855042,12.3444865136,16.6948715912,26.5416666667,7.18367346939,185.0,5.0,10.0,91.0,109.0,24.0,47.0,18.0,34.0,271.0,359.0,268.0,10.0,24.0,six
20,24.1055585216,12.1411533186,16.5562792336,23.2380952381,6.98360655738,118.0,3.0,10.0,65.0,69.0,18.0,49.0,6.0,26.0,201.0,303.0,173.0,12.0,21.0,six
21,22.6493218195,11.4093799743,15.4185805351,18.1627906977,7.53649167734,202.0,14.0,4.0,142.0,176.0,16.0,51.0,6.0,39.0,385.0,417.0,352.0,12.0,43.0,six
22,25.2504795666,12.5908096882,17.2193577809,27.5666666667,6.7738814994,261.0,11.0,5.0,126.0,132.0,24.0,56.0,13.0,42.0,338.0,492.0,326.0,9.0,30.0,six
23,24.0967872685,11.8548322751,16.0939085596,23.2,7.47844827586,193.0,16.0,3.0,119.0,108.0,33.0,33.0,4.0,27.0,293.0,378.0,293.0,25.0,30.0,six
24,22.0733806205,11.7095414303,15.390851154,22.175,7.54791431793,209.0,14.0,11.0,171.0,148.0,26.0,38.0,16.0,50.0,383.0,433.0,435.0,19.0,40.0,six
25,24.3698106249,12.8415693829,16.843986319,31.25,7.3312,190.0,15.0,1.0,92.0,114.0,12.0,25.0,13.0,53.0,243.0,316.0,290.0,19.0,20.0,six
26,22.7980946706,11.8250828948,15.8762060321,21.9130434783,6.91468253968,269.0,22.0,3.0,203.0,168.0,31.0,70.0,6.0,55.0,472.0,569.0,431.0,8.0,46.0,six
27,24.2233851285,12.1477090769,16.3052796203,31.5625,7.07128712871,156.0,6.0,4.0,80.0,70.0,21.0,37.0,13.0,21.0,208.0,264.0,239.0,2.0,16.0,six
28,25.1675655764,12.5125164053,17.1634455936,28.56,6.81652661064,204.0,4.0,6.0,79.0,121.0,26.0,52.0,8.0,83.0,278.0,433.0,281.0,0.0,25.0,six
29,23.4723761614,12.4736240281,16.1413115715,22.4482758621,7.18125960061,186.0,8.0,11.0,111.0,103.0,14.0,27.0,10.0,35.0,255.0,357.0,286.0,8.0,29.0,six
30,24.1272935785,12.4610735382,16.4179829048,28.6315789474,7.41819852941,315.0,21.0,4.0,197.0,168.0,32.0,52.0,18.0,48.0,449.0,576.0,483.0,29.0,38.0,six
31,22.6979799353,10.8481710546,14.8116931224,11.2,7.71428571429,14.0,0.0,1.0,14.0,11.0,4.0,4.0,1.0,0.0,33.0,28.0,26.0,2.0,5.0,six
32,22.631810691,12.2653755957,15.8298063775,26.3636363636,7.3724137931,160.0,18.0,5.0,94.0,84.0,31.0,28.0,5.0,23.0,237.0,301.0,272.0,7.0,22.0,six
33,23.4970333116,12.2796553139,16.0008717922,28.3888888889,7.43052837573,280.0,25.0,18.0,171.0,157.0,39.0,47.0,18.0,29.0,414.0,497.0,512.0,13.0,36.0,six
34,22.771306875,12.5991128365,15.7636690391,17.8461538462,7.74281609195,228.0,6.0,5.0,102.0,91.0,41.0,28.0,11.0,31.0,262.0,338.0,343.0,15.0,39.0,six
35,24.2879715579,12.4096499511,16.4665223233,27.3823529412,7.44360902256,290.0,10.0,9.0,132.0,145.0,24.0,37.0,10.0,82.0,338.0,485.0,432.0,14.0,34.0,six
36,25.3083310932,12.7311258129,17.0193105761,29.0769230769,7.29894179894,234.0,10.0,5.0,102.0,126.0,35.0,47.0,13.0,52.0,310.0,380.0,364.0,12.0,26.0,six
37,20.6664461979,10.4876531626,14.7044411221,12.0,7.38095238095,20.0,3.0,0.0,18.0,24.0,4.0,7.0,1.0,1.0,53.0,47.0,36.0,1.0,7.0,six
38,23.2258878126,11.3038192957,15.818239257,15.4615384615,7.76119402985,199.0,31.0,8.0,123.0,134.0,40.0,54.0,4.0,64.0,351.0,391.0,408.0,5.0,52.0,six
39,21.602598209,9.57920326789,13.5333727041,10.0,8.81666666667,13.0,2.0,1.0,16.0,13.0,2.0,5.0,0.0,0.0,36.0,25.0,30.0,5.0,6.0,six
40,23.6864661956,12.0805782036,16.130983427,25.1428571429,7.35890151515,284.0,11.0,8.0,167.0,170.0,40.0,59.0,22.0,76.0,436.0,571.0,460.0,25.0,42.0,six
41,24.4287228452,12.4315031645,16.8188994421,23.25,6.89093701997,177.0,11.0,2.0,122.0,115.0,15.0,42.0,7.0,41.0,294.0,389.0,259.0,3.0,28.0,six
42,22.6153826338,12.3668361879,16.0042796331,35.45,7.76163610719,199.0,11.0,12.0,138.0,94.0,31.0,27.0,8.0,11.0,290.0,301.0,395.0,13.0,20.0,six
43,23.8761902625,12.2591035922,16.2336122304,28.5862068966,7.10132689988,201.0,32.0,3.0,172.0,127.0,19.0,34.0,10.0,44.0,352.0,452.0,360.0,17.0,29.0,six
44,22.8457714204,11.6912053203,15.8681411701,18.24,7.43201754386,120.0,4.0,6.0,78.0,81.0,8.0,30.0,7.0,28.0,197.0,258.0,188.0,10.0,25.0,six
45,22.6246151563,12.2059757404,15.8436948888,21.7567567568,6.92173913043,231.0,25.0,22.0,173.0,102.0,18.0,29.0,8.0,7.0,322.0,472.0,323.0,10.0,37.0,six
46,23.5642454361,12.256048036,16.13764541,22.935483871,7.35724331927,177.0,16.0,9.0,133.0,104.0,22.0,50.0,11.0,41.0,309.0,391.0,300.0,20.0,31.0,six
47,24.172586448,12.4372577354,15.7196674038,25.5517241379,7.98245614035,242.0,12.0,4.0,118.0,116.0,26.0,35.0,10.0,33.0,295.0,348.0,343.0,50.0,29.0,six
48,22.6814222181,12.2983511672,15.921993797,12.0,7.80769230769,45.0,4.0,0.0,33.0,26.0,3.0,0.0,0.0,19.0,62.0,83.0,66.0,7.0,13.0,six
49,23.8492430616,11.9494700711,16.3381695058,20.3333333333,7.14754098361,46.0,4.0,3.0,37.0,29.0,4.0,11.0,2.0,6.0,81.0,99.0,84.0,0.0,9.0,two
50,23.0111037262,12.2376849379,16.2449128203,15.3076923077,6.84924623116,65.0,1.0,1.0,40.0,34.0,7.0,7.0,0.0,7.0,88.0,117.0,81.0,1.0,13.0,two
51,21.15760429,10.7963131064,14.2120312489,7.71428571429,7.09259259259,12.0,0.0,0.0,16.0,9.0,5.0,1.0,0.0,0.0,31.0,34.0,20.0,0.0,7.0,two
52,23.3227130889,12.5226606868,15.8185017518,15.6363636364,7.52906976744,47.0,3.0,0.0,48.0,21.0,3.0,1.0,1.0,6.0,73.0,87.0,84.0,1.0,11.0,two
53,23.7832724,11.4873836993,16.0080766076,23.5555555556,7.46698113208,52.0,4.0,4.0,44.0,37.0,8.0,7.0,0.0,12.0,96.0,106.0,101.0,5.0,9.0,two
54,22.2866023808,11.629810907,14.9460038124,12.7142857143,7.78651685393,24.0,0.0,0.0,24.0,18.0,3.0,2.0,0.0,0.0,47.0,42.0,42.0,5.0,7.0,two
55,20.2114252755,11.4467950155,15.6151706955,19.5,6.82051282051,7.0,1.0,1.0,11.0,7.0,0.0,1.0,1.0,0.0,19.0,21.0,18.0,0.0,2.0,two
56,22.559156299,11.9113842903,16.2870015656,12.5,7.45333333333,17.0,1.0,0.0,18.0,15.0,2.0,2.0,0.0,4.0,37.0,35.0,38.0,2.0,6.0,two
57,24.1611226921,11.7281030006,16.3924042455,12.3636363636,7.15073529412,68.0,3.0,1.0,42.0,55.0,8.0,17.0,3.0,22.0,122.0,142.0,128.0,2.0,22.0,two
58,22.3287801348,11.8677081475,15.3715138063,18.25,7.66666666667,53.0,8.0,0.0,42.0,28.0,11.0,4.0,2.0,8.0,85.0,96.0,118.0,5.0,12.0,two
59,24.5833716573,12.1407800623,16.1852356671,17.9230769231,7.35193133047,69.0,4.0,0.0,40.0,34.0,14.0,10.0,3.0,18.0,98.0,132.0,94.0,7.0,13.0,two
60,23.4394641035,11.6423284769,16.1068272128,14.0625,7.42666666667,55.0,3.0,1.0,38.0,48.0,10.0,17.0,1.0,9.0,113.0,121.0,89.0,15.0,16.0,two
61,23.8374722722,11.9959747451,16.0015653698,19.2857142857,7.23703703704,75.0,6.0,1.0,47.0,58.0,10.0,18.0,1.0,15.0,133.0,154.0,111.0,5.0,14.0,two
62,22.0210112878,11.5605787239,15.1772062538,18.3571428571,6.87159533074,35.0,13.0,0.0,43.0,57.0,16.0,30.0,0.0,0.0,146.0,146.0,103.0,8.0,14.0,two
63,22.8422616358,11.893214569,15.8662134407,20.9230769231,7.09558823529,72.0,2.0,2.0,59.0,41.0,8.0,16.0,1.0,14.0,124.0,153.0,119.0,0.0,13.0,two
64,21.9856638348,12.3786905298,16.1288948778,13.6363636364,7.27333333333,37.0,4.0,0.0,38.0,24.0,7.0,3.0,1.0,1.0,72.0,72.0,76.0,2.0,11.0,two
65,23.0832322079,12.1593591315,15.8617280412,18.1818181818,7.115,56.0,0.0,2.0,35.0,31.0,9.0,15.0,2.0,8.0,90.0,113.0,85.0,2.0,11.0,two
66,24.2368382247,11.2717596525,15.3175232091,19.75,7.91139240506,37.0,4.0,0.0,28.0,24.0,13.0,6.0,2.0,8.0,71.0,75.0,75.0,8.0,8.0,two
67,22.8444848736,12.2485751594,15.769120477,15.0,7.8,34.0,5.0,0.0,27.0,33.0,3.0,2.0,0.0,11.0,65.0,68.0,79.0,3.0,10.0,two
68,24.5162937038,12.1109216838,16.8527201662,19.6,6.47959183673,51.0,3.0,2.0,28.0,39.0,5.0,12.0,2.0,9.0,84.0,131.0,62.0,3.0,10.0,two
69,23.3059413831,12.2620764655,15.5023777814,20.0909090909,8.05429864253,66.0,3.0,5.0,44.0,27.0,10.0,10.0,0.0,7.0,91.0,119.0,75.0,27.0,11.0,two
70,22.2806198888,11.6288626489,15.9946592277,22.7,6.6872246696,58.0,6.0,2.0,35.0,39.0,9.0,11.0,0.0,7.0,94.0,136.0,86.0,5.0,10.0,two
71,22.9708156275,12.1988416497,16.2589223583,23.125,6.45405405405,46.0,4.0,4.0,25.0,30.0,7.0,10.0,2.0,7.0,72.0,112.0,71.0,2.0,8.0,two
72,22.2058573708,10.7000599128,15.2647945509,13.3333333333,7.175,4.0,3.0,2.0,9.0,11.0,2.0,1.0,0.0,1.0,23.0,21.0,18.0,1.0,3.0,two
73,23.6107841544,12.484506787,16.1686911285,18.8181818182,7.2270531401,63.0,10.0,0.0,40.0,31.0,3.0,6.0,3.0,9.0,80.0,122.0,75.0,10.0,11.0,two
74,21.827877796,11.691985916,15.2881146451,15.8421052632,7.51162790698,78.0,5.0,1.0,54.0,50.0,13.0,22.0,3.0,17.0,139.0,148.0,150.0,3.0,19.0,two
75,22.641854151,12.3216128926,15.7777482505,23.2222222222,7.54545454545,53.0,12.0,3.0,37.0,20.0,9.0,9.0,5.0,9.0,75.0,105.0,91.0,13.0,9.0,two
76,23.4584524805,11.8173540081,15.458917699,16.75,7.31343283582,36.0,2.0,0.0,29.0,19.0,8.0,5.0,1.0,4.0,61.0,76.0,57.0,1.0,8.0,two
77,23.232793085,11.2881925606,15.0753304075,15.5833333333,7.79144385027,45.0,1.0,1.0,33.0,33.0,10.0,15.0,2.0,10.0,91.0,77.0,109.0,1.0,12.0,two
78,24.2235550647,11.671820063,16.3501317467,14.1666666667,6.59215686275,64.0,2.0,0.0,45.0,48.0,11.0,13.0,0.0,18.0,117.0,171.0,82.0,2.0,18.0,two
79,24.2959819757,11.571993493,16.3760508637,14.3846153846,7.32620320856,34.0,1.0,1.0,27.0,39.0,12.0,19.0,0.0,22.0,97.0,106.0,80.0,1.0,13.0,two
80,24.2534951224,11.7459453767,16.1864025116,17.0714285714,6.24267782427,53.0,8.0,2.0,35.0,42.0,10.0,10.0,1.0,15.0,97.0,162.0,74.0,3.0,14.0,two
81,23.4761118879,11.8960065332,16.2517423796,23.3076923077,7.47194719472,83.0,5.0,3.0,63.0,49.0,9.0,16.0,1.0,8.0,137.0,148.0,146.0,9.0,13.0,two
82,22.3499226772,11.7459892596,14.7567159744,17.2857142857,8.67768595041,29.0,3.0,0.0,19.0,26.0,4.0,1.0,0.0,9.0,50.0,44.0,77.0,0.0,7.0,two
83,23.6220218595,12.0460212076,16.4498579874,17.0,6.50588235294,33.0,2.0,0.0,23.0,25.0,10.0,16.0,2.0,12.0,74.0,112.0,57.0,1.0,10.0,two
84,23.8690629353,11.8221307105,16.623018426,22.6923076923,7.52203389831,83.0,3.0,4.0,42.0,54.0,9.0,27.0,3.0,13.0,132.0,164.0,128.0,3.0,13.0,two
85,24.5588779107,12.2875931233,16.2044383923,17.3,7.45664739884,59.0,4.0,0.0,25.0,23.0,11.0,5.0,0.0,13.0,64.0,96.0,77.0,0.0,10.0,two
86,22.7601573728,11.486652591,15.3716975994,14.3333333333,7.54263565891,56.0,5.0,5.0,47.0,47.0,7.0,13.0,0.0,13.0,114.0,129.0,127.0,2.0,18.0,two
87,22.9361266561,11.6022793955,16.1592939691,16.0,7.09375,18.0,2.0,2.0,10.0,18.0,4.0,8.0,1.0,8.0,40.0,57.0,33.0,6.0,6.0,two
88,24.0173695881,12.1508609453,16.2286544542,20.5333333333,7.2012987013,81.0,10.0,1.0,64.0,50.0,18.0,10.0,0.0,8.0,142.0,170.0,130.0,8.0,15.0,two
89,23.2149682435,12.1355184655,15.8695625545,21.8461538462,7.15845070423,80.0,5.0,5.0,42.0,47.0,10.0,23.0,3.0,6.0,122.0,152.0,128.0,4.0,13.0,two
90,21.1575543903,12.0164177337,16.1502833888,15.0,7.34545454545,34.0,5.0,3.0,31.0,21.0,5.0,3.0,2.0,11.0,60.0,85.0,78.0,2.0,11.0,two
91,22.9167537342,11.8221537272,15.869434022,19.0,6.4298245614,63.0,7.0,2.0,44.0,40.0,3.0,9.0,0.0,10.0,96.0,146.0,79.0,3.0,12.0,two
92,24.0633050501,11.6799277512,16.4541826974,15.8333333333,7.14035087719,70.0,1.0,0.0,51.0,47.0,18.0,19.0,4.0,19.0,135.0,159.0,125.0,1.0,18.0,two
93,23.5903704849,11.7145779105,15.4487725912,27.5384615385,7.13966480447,96.0,2.0,2.0,68.0,60.0,26.0,14.0,4.0,17.0,168.0,203.0,151.0,4.0,13.0,three
94,22.8327151777,12.0712242643,15.9893250442,19.6666666667,7.06440677966,82.0,5.0,3.0,64.0,47.0,4.0,14.0,1.0,8.0,129.0,170.0,115.0,10.0,15.0,three
95,21.6378210144,12.4056652537,15.7237908383,19.8823529412,7.59171597633,98.0,7.0,2.0,80.0,44.0,14.0,12.0,2.0,3.0,150.0,165.0,166.0,7.0,17.0,three
96,24.3479908227,11.8974263294,16.2329066671,14.0,6.83928571429,102.0,2.0,3.0,74.0,65.0,11.0,20.0,3.0,34.0,170.0,234.0,148.0,10.0,28.0,three
97,23.5122284744,11.6147439301,15.9127115482,17.2307692308,7.59375,111.0,5.0,9.0,56.0,89.0,18.0,30.0,3.0,35.0,193.0,233.0,199.0,16.0,26.0,three
98,23.8720444009,11.9364754774,15.843564019,18.5,8.27413127413,64.0,4.0,5.0,48.0,55.0,5.0,10.0,2.0,13.0,118.0,106.0,135.0,18.0,14.0,three
99,22.3382430547,11.8376357127,15.7165196793,23.3846153846,7.30263157895,75.0,15.0,2.0,42.0,50.0,23.0,11.0,0.0,8.0,126.0,165.0,132.0,7.0,13.0,three
100,23.9160347179,12.5127995797,16.3878798125,20.9523809524,7.66590909091,137.0,9.0,3.0,77.0,67.0,18.0,17.0,6.0,25.0,179.0,216.0,212.0,12.0,21.0,three
101,23.4259738151,11.9014925968,15.6430789985,22.4285714286,7.43949044586,49.0,2.0,0.0,27.0,26.0,13.0,7.0,0.0,8.0,73.0,81.0,73.0,3.0,7.0,three
102,23.6980160498,12.3769233894,16.1698756094,19.4117647059,7.08484848485,92.0,7.0,3.0,58.0,50.0,10.0,18.0,3.0,18.0,136.0,191.0,133.0,6.0,17.0,three
103,22.4307633012,11.8243358291,15.5232165554,19.5263157895,8.07547169811,87.0,19.0,1.0,68.0,48.0,32.0,15.0,0.0,12.0,163.0,177.0,168.0,26.0,19.0,three
104,23.1853846728,12.023909958,16.5058133522,18.2941176471,6.84565916399,67.0,7.0,8.0,49.0,53.0,12.0,14.0,1.0,20.0,128.0,188.0,115.0,8.0,17.0,three
105,23.1704914824,12.6487631544,16.1941431447,20.4545454545,7.71111111111,68.0,2.0,4.0,39.0,38.0,8.0,10.0,3.0,9.0,95.0,97.0,127.0,1.0,11.0,three
106,22.9023975291,11.652945599,15.7423641397,21.7058823529,7.0352303523,79.0,7.0,4.0,54.0,78.0,6.0,42.0,2.0,22.0,180.0,215.0,143.0,11.0,17.0,three
107,23.9526693744,12.1042344739,16.4188717291,15.8076923077,6.8102189781,104.0,16.0,2.0,76.0,74.0,14.0,16.0,4.0,28.0,180.0,267.0,137.0,7.0,26.0,three
108,24.028716977,12.4150724607,16.5714667477,25.0625,6.64588528678,102.0,2.0,8.0,61.0,60.0,15.0,24.0,5.0,23.0,160.0,238.0,158.0,5.0,16.0,three
109,23.7473282573,12.0030863061,15.9488348968,19.3157894737,7.17983651226,98.0,1.0,4.0,64.0,63.0,8.0,14.0,5.0,35.0,149.0,192.0,170.0,5.0,19.0,three
110,22.5425565177,11.8962215954,16.110234973,18.0769230769,6.89787234043,63.0,5.0,6.0,47.0,42.0,3.0,15.0,0.0,6.0,107.0,134.0,101.0,0.0,13.0,three
111,21.914702048,12.5885779177,15.5494630282,19.7692307692,7.70428015564,66.0,3.0,7.0,50.0,34.0,6.0,17.0,0.0,8.0,107.0,126.0,122.0,9.0,13.0,three
112,23.1942403656,12.8834605609,16.2671615974,19.4444444444,7.42285714286,55.0,3.0,3.0,36.0,23.0,4.0,0.0,0.0,10.0,63.0,88.0,84.0,3.0,9.0,three
113,23.7204108128,11.9518551699,15.6526227771,19.8260869565,7.27192982456,138.0,5.0,5.0,93.0,75.0,13.0,24.0,4.0,19.0,205.0,234.0,216.0,6.0,23.0,three
114,22.5308555652,11.9322788227,15.9100180305,20.9230769231,7.33088235294,61.0,8.0,2.0,54.0,54.0,7.0,17.0,0.0,13.0,132.0,151.0,110.0,11.0,13.0,three
115,23.5396309814,12.2795700921,16.4574464309,15.1904761905,7.16300940439,101.0,3.0,0.0,62.0,59.0,12.0,11.0,0.0,18.0,144.0,175.0,143.0,1.0,21.0,three
116,23.5827876404,11.9737466754,16.4067302281,23.0555555556,7.13493975904,114.0,7.0,4.0,70.0,80.0,8.0,21.0,0.0,25.0,179.0,254.0,138.0,23.0,18.0,three
117,23.2094106852,11.9266624893,16.1351018777,21.7692307692,7.06713780919,80.0,3.0,2.0,56.0,55.0,7.0,20.0,1.0,10.0,138.0,155.0,122.0,6.0,13.0,three
118,22.7370116565,11.8473245195,15.7405063897,22.3333333333,7.40049751244,96.0,16.0,3.0,62.0,64.0,18.0,20.0,4.0,24.0,164.0,212.0,185.0,5.0,18.0,three
119,24.3348976578,12.3110978876,16.7054030199,24.3157894737,7.07792207792,134.0,5.0,1.0,78.0,78.0,12.0,31.0,4.0,27.0,199.0,260.0,195.0,7.0,19.0,three
120,24.5425939209,12.0487475983,16.2452173969,19.5294117647,7.12048192771,91.0,13.0,1.0,52.0,49.0,10.0,14.0,3.0,17.0,125.0,195.0,131.0,6.0,17.0,three
121,23.4317936644,12.0308080335,15.7081246074,18.875,7.6821192053,128.0,9.0,3.0,87.0,62.0,12.0,30.0,8.0,11.0,191.0,211.0,232.0,10.0,24.0,three
122,23.2460023252,11.6348629779,15.7563476948,16.9444444444,7.33442622951,70.0,9.0,5.0,41.0,60.0,14.0,19.0,1.0,16.0,134.0,173.0,117.0,15.0,18.0,three
123,20.2775088253,11.2411215488,14.5811464707,11.2,7.48214285714,17.0,2.0,0.0,21.0,9.0,3.0,0.0,0.0,0.0,33.0,30.0,24.0,2.0,5.0,three
124,22.7066550815,11.3784693154,15.4413404596,22.1333333333,6.62951807229,79.0,12.0,1.0,58.0,73.0,6.0,26.0,1.0,12.0,163.0,202.0,128.0,2.0,15.0,three
125,21.515502184,11.803993322,15.166809295,19.9090909091,7.85159817352,92.0,19.0,4.0,94.0,71.0,17.0,14.0,2.0,13.0,196.0,209.0,214.0,15.0,22.0,three
126,23.9370788931,11.9330818336,15.4614815911,15.1428571429,7.2641509434,110.0,5.0,3.0,83.0,80.0,14.0,14.0,3.0,20.0,191.0,241.0,175.0,8.0,28.0,three
127,23.2824027152,11.588672598,15.8289449957,19.0869565217,7.13895216401,109.0,8.0,3.0,86.0,78.0,18.0,25.0,5.0,24.0,207.0,253.0,181.0,5.0,23.0,three
128,23.1800462474,12.8274827663,15.9836514352,23.4615384615,8.09836065574,95.0,7.0,6.0,65.0,32.0,14.0,8.0,2.0,10.0,119.0,126.0,170.0,9.0,13.0,three
129,24.5833771951,11.403826353,16.2124309215,19.0952380952,6.93765586035,107.0,2.0,5.0,55.0,80.0,11.0,31.0,5.0,28.0,177.0,250.0,146.0,5.0,21.0,three
130,23.5283476908,12.0482577429,16.0860713937,17.2222222222,7.41935483871,71.0,11.0,2.0,44.0,55.0,9.0,21.0,2.0,22.0,129.0,169.0,133.0,8.0,18.0,three
131,23.922172369,12.1818181614,16.3978721707,13.2777777778,6.76150627615,74.0,0.0,0.0,50.0,28.0,11.0,10.0,2.0,13.0,99.0,141.0,96.0,2.0,18.0,three
132,22.5406502249,12.1963564489,15.8699168222,28.2727272727,7.44051446945,85.0,9.0,2.0,60.0,37.0,15.0,12.0,1.0,5.0,124.0,159.0,145.0,7.0,11.0,three
133,23.6599441193,12.3088015346,16.1933303434,21.4615384615,7.24372759857,60.0,19.0,2.0,44.0,44.0,10.0,20.0,2.0,18.0,118.0,157.0,119.0,3.0,13.0,three
134,23.4511433216,11.82714277,15.9932101508,23.9473684211,6.76263736264,105.0,24.0,6.0,92.0,62.0,15.0,19.0,13.0,13.0,188.0,264.0,181.0,10.0,19.0,three
135,24.0997253398,11.6952732687,16.0709497201,19.1111111111,6.88953488372,82.0,14.0,1.0,64.0,57.0,12.0,32.0,2.0,17.0,165.0,187.0,156.0,1.0,18.0,three
136,23.9953054787,12.4524318722,16.4643837646,24.0,7.80303030303,115.0,23.0,5.0,71.0,75.0,14.0,29.0,8.0,49.0,189.0,265.0,241.0,22.0,22.0,three
137,22.9142534365,11.977136168,16.1895734733,18.0666666667,7.0332103321,73.0,10.0,1.0,38.0,50.0,4.0,22.0,1.0,10.0,114.0,160.0,107.0,4.0,15.0,three
138,23.5763202236,11.6334790684,15.8273517288,23.2941176471,7.43181818182,94.0,6.0,3.0,59.0,74.0,12.0,28.0,1.0,29.0,173.0,226.0,157.0,13.0,17.0,three
139,23.7877370357,11.6119065495,15.9420046428,18.125,7.38275862069,70.0,7.0,2.0,50.0,46.0,15.0,7.0,1.0,20.0,118.0,164.0,115.0,11.0,16.0,three
140,23.2299378767,12.3452404673,16.218993342,23.2222222222,7.08373205742,129.0,2.0,4.0,87.0,54.0,17.0,19.0,2.0,14.0,177.0,237.0,173.0,8.0,18.0,three
141,21.0975446667,10.6978744382,14.5681781508,11.2,7.67857142857,12.0,3.0,0.0,16.0,9.0,1.0,0.0,0.0,0.0,26.0,26.0,28.0,2.0,5.0,three
142,22.2726308743,12.7982808253,15.675069173,22.6666666667,7.82647058824,105.0,4.0,6.0,67.0,41.0,16.0,12.0,2.0,5.0,136.0,158.0,171.0,11.0,15.0,three
143,24.3769590403,11.7187589039,16.3651664741,17.3142857143,6.79372937294,158.0,6.0,3.0,84.0,126.0,23.0,39.0,6.0,73.0,272.0,384.0,221.0,1.0,35.0,four
144,24.36116025,12.6448814935,16.5076611283,26.4090909091,7.34251290878,188.0,18.0,1.0,108.0,81.0,20.0,22.0,12.0,20.0,231.0,294.0,277.0,10.0,22.0,four
145,22.5203029685,12.6663452413,15.9378751594,22.5238095238,7.10570824524,128.0,27.0,12.0,115.0,43.0,13.0,11.0,2.0,6.0,182.0,282.0,177.0,14.0,21.0,four
146,22.7852434761,11.2311197752,15.4704823031,19.1612903226,7.46801346801,150.0,20.0,3.0,127.0,123.0,12.0,29.0,4.0,16.0,291.0,318.0,261.0,15.0,31.0,four
147,23.0668464208,12.1283557437,15.9682537457,20.6666666667,7.40615835777,190.0,12.0,4.0,92.0,128.0,30.0,51.0,10.0,47.0,301.0,364.0,303.0,15.0,33.0,four
148,23.357400351,11.8614027677,16.1773372346,20.7647058824,7.11331444759,87.0,6.0,8.0,51.0,59.0,17.0,31.0,4.0,18.0,158.0,206.0,142.0,5.0,17.0,four
149,24.4690409542,12.2703102747,16.629171319,24.8,7.00806451613,136.0,10.0,10.0,73.0,81.0,17.0,30.0,13.0,23.0,201.0,280.0,211.0,5.0,20.0,four
150,24.3004368279,11.9563252758,16.3278931862,18.7317073171,7.16666666667,159.0,19.0,14.0,116.0,140.0,29.0,51.0,5.0,64.0,336.0,416.0,332.0,20.0,41.0,four
151,23.392672308,12.4255856467,16.1010477899,17.5454545455,7.9067357513,65.0,1.0,2.0,39.0,22.0,5.0,10.0,3.0,6.0,76.0,90.0,98.0,5.0,11.0,four
152,22.4115434446,11.8287415059,15.8176480136,23.8666666667,7.32681564246,94.0,13.0,7.0,70.0,57.0,10.0,8.0,1.0,6.0,145.0,183.0,165.0,10.0,15.0,four
153,23.818414852,12.3176967501,16.6098158325,20.9047619048,7.26423690205,114.0,10.0,2.0,60.0,66.0,15.0,19.0,9.0,49.0,160.0,278.0,148.0,13.0,21.0,four
154,25.2472390636,12.3044351527,16.9414693735,29.0588235294,6.98582995951,143.0,11.0,9.0,86.0,73.0,6.0,19.0,10.0,26.0,184.0,286.0,205.0,3.0,17.0,four
155,24.5468192712,12.3987696128,16.4365588717,23.9473684211,7.32087912088,123.0,15.0,3.0,75.0,73.0,12.0,29.0,4.0,20.0,189.0,225.0,218.0,12.0,19.0,four
156,22.8663238649,12.0602458804,16.107827072,23.2,7.30387931034,118.0,4.0,8.0,75.0,58.0,23.0,24.0,11.0,20.0,180.0,243.0,211.0,10.0,20.0,four
157,24.4698337392,12.1973336045,16.729836061,17.5416666667,6.90498812352,92.0,9.0,2.0,65.0,74.0,16.0,32.0,4.0,39.0,187.0,261.0,154.0,6.0,24.0,four
158,22.7732087982,11.8124140818,15.8310711414,21.8888888889,7.25719120135,162.0,11.0,9.0,93.0,108.0,14.0,34.0,5.0,33.0,249.0,328.0,255.0,8.0,27.0,four
159,20.7651159079,10.6715730736,14.9416889619,11.2,7.03571428571,14.0,1.0,0.0,17.0,7.0,4.0,2.0,0.0,1.0,30.0,34.0,22.0,0.0,5.0,four
160,22.0763112835,11.7011956925,15.3629442941,23.1428571429,7.71604938272,89.0,9.0,3.0,77.0,41.0,10.0,12.0,3.0,6.0,140.0,166.0,150.0,8.0,14.0,four
161,24.1597150219,11.4835063268,15.8198437577,14.696969697,6.91546391753,134.0,7.0,0.0,79.0,107.0,13.0,23.0,2.0,26.0,222.0,288.0,195.0,2.0,33.0,four
162,19.5365690005,10.5435959482,13.4441135024,9.6,7.72916666667,7.0,5.0,0.0,11.0,6.0,1.0,2.0,0.0,0.0,20.0,24.0,20.0,4.0,5.0,four
163,23.529877631,11.993240772,16.1135572889,22.1212121212,7.24657534247,193.0,23.0,5.0,99.0,115.0,20.0,47.0,8.0,41.0,281.0,422.0,290.0,18.0,33.0,four
164,23.3332476696,12.192467995,15.8710487514,23.55,7.32484076433,144.0,9.0,6.0,82.0,79.0,7.0,26.0,5.0,16.0,194.0,258.0,204.0,9.0,20.0,four
165,23.4706233574,11.9319813561,15.5795906179,15.35,7.37459283388,89.0,5.0,2.0,60.0,48.0,9.0,16.0,5.0,17.0,133.0,170.0,132.0,5.0,20.0,four
166,24.1511560401,12.2697211751,16.5129531152,29.7619047619,7.472,185.0,15.0,6.0,111.0,108.0,12.0,25.0,6.0,32.0,256.0,327.0,283.0,15.0,21.0,four
167,23.215523646,11.5603043059,15.5169526321,20.32,7.57283464567,126.0,15.0,3.0,106.0,84.0,27.0,33.0,8.0,16.0,250.0,270.0,229.0,9.0,25.0,four
168,22.8981353125,11.8866189429,15.9882753511,20.96,7.13167938931,126.0,11.0,3.0,77.0,94.0,22.0,35.0,3.0,43.0,228.0,306.0,207.0,11.0,25.0,four
169,23.3700488731,12.1831767867,16.1335103527,33.4666666667,6.7828685259,132.0,6.0,7.0,80.0,86.0,17.0,34.0,6.0,13.0,217.0,304.0,187.0,11.0,15.0,four
170,22.8674321869,12.1538200136,15.6430638378,29.2727272727,7.36180124224,187.0,11.0,6.0,103.0,96.0,30.0,30.0,8.0,10.0,259.0,344.0,292.0,8.0,22.0,four
171,23.8121342387,12.337489032,16.537401223,22.8846153846,7.23025210084,166.0,26.0,4.0,98.0,87.0,15.0,39.0,7.0,27.0,239.0,320.0,272.0,3.0,26.0,four
172,20.3600884598,11.909292898,14.7903455025,11.2,7.78571428571,15.0,3.0,2.0,15.0,8.0,0.0,1.0,0.0,0.0,24.0,28.0,23.0,5.0,5.0,four
173,22.3713151152,12.2799649376,15.5614521348,25.3157894737,7.59875259875,140.0,14.0,10.0,89.0,55.0,15.0,21.0,1.0,10.0,180.0,250.0,219.0,12.0,19.0,four
174,20.6928679603,10.5591548278,14.3755015061,9.6,8.33333333333,13.0,1.0,0.0,13.0,17.0,1.0,2.0,0.0,0.0,33.0,18.0,27.0,3.0,5.0,four
175,23.988134648,11.889440382,16.1511307473,20.3333333333,7.25500910747,146.0,13.0,6.0,104.0,84.0,25.0,30.0,9.0,24.0,243.0,301.0,244.0,4.0,27.0,four
176,22.5684823085,11.9240387002,15.5007281203,19.35,7.48320413437,96.0,16.0,7.0,84.0,53.0,9.0,13.0,4.0,9.0,159.0,186.0,192.0,9.0,20.0,four
177,22.8562077309,12.4549113889,15.8898415018,28.3333333333,7.7,129.0,10.0,6.0,88.0,78.0,16.0,25.0,5.0,12.0,207.0,234.0,263.0,13.0,18.0,four
178,23.5455008547,12.2119910232,16.0276901626,28.1785714286,7.38910012674,261.0,11.0,5.0,144.0,125.0,29.0,43.0,11.0,23.0,341.0,389.0,392.0,8.0,28.0,four
179,22.6035110345,11.694614866,14.9194217263,17.4615384615,7.7268722467,62.0,4.0,4.0,48.0,33.0,12.0,8.0,0.0,1.0,101.0,119.0,98.0,10.0,13.0,four
180,23.8602329671,12.0696217736,16.1081928635,16.9696969697,7.36785714286,144.0,12.0,6.0,101.0,96.0,17.0,23.0,1.0,34.0,237.0,304.0,251.0,5.0,33.0,four
181,23.7082932665,12.2400894213,16.3980414961,18.347826087,7.20379146919,116.0,11.0,1.0,67.0,85.0,14.0,30.0,4.0,37.0,196.0,231.0,188.0,3.0,23.0,four
182,23.2667970471,11.924626859,15.9026302477,18.1875,7.35395189003,76.0,8.0,4.0,48.0,39.0,8.0,16.0,8.0,19.0,111.0,155.0,127.0,9.0,16.0,four
183,23.0868772787,12.3427918996,16.1718494091,27.3846153846,7.55898876404,113.0,7.0,5.0,53.0,61.0,24.0,13.0,4.0,9.0,151.0,173.0,181.0,2.0,13.0,four
184,22.3365393721,11.9313604546,15.6964659587,23.4545454545,7.22093023256,65.0,9.0,0.0,53.0,35.0,9.0,7.0,1.0,5.0,104.0,139.0,109.0,10.0,11.0,four
185,22.5091513967,12.3582466943,15.6513022633,19.36,7.52685950413,148.0,5.0,7.0,98.0,63.0,19.0,22.0,1.0,16.0,202.0,256.0,216.0,12.0,25.0,four
186,24.0295244625,11.7286688496,16.5601927992,15.5,6.94153225806,117.0,7.0,2.0,97.0,89.0,10.0,34.0,6.0,33.0,230.0,289.0,202.0,5.0,32.0,four
187,24.7203409731,12.0805669927,16.7079885913,27.2142857143,7.16797900262,89.0,8.0,3.0,50.0,70.0,10.0,23.0,6.0,41.0,153.0,200.0,176.0,5.0,14.0,four
188,23.7421553244,11.9944324001,15.9364395712,17.9696969697,7.1281618887,172.0,8.0,3.0,116.0,100.0,23.0,36.0,4.0,23.0,275.0,319.0,265.0,9.0,33.0,four
189,24.1653134609,12.1069151679,16.2768874251,21.5897435897,7.34204275534,222.0,14.0,0.0,137.0,140.0,45.0,52.0,2.0,65.0,374.0,423.0,412.0,7.0,39.0,four
190,23.0750913932,11.8605869893,15.7663519254,18.7272727273,7.54854368932,59.0,2.0,4.0,36.0,30.0,12.0,12.0,0.0,4.0,90.0,96.0,107.0,3.0,11.0,four
191,24.6576088353,13.0428278715,16.9726930763,43.9090909091,7.17598343685,159.0,4.0,3.0,64.0,55.0,31.0,27.0,14.0,37.0,177.0,261.0,218.0,4.0,11.0,eight
192,22.0004250678,10.9338656515,15.2044741584,17.6896551724,7.07407407407,92.0,23.0,4.0,101.0,99.0,12.0,36.0,13.0,18.0,248.0,299.0,204.0,10.0,29.0,eight
193,21.210802921,11.4269505984,14.8017231892,8.2,7.26829268293,14.0,5.0,1.0,21.0,16.0,4.0,2.0,2.0,1.0,43.0,48.0,31.0,3.0,10.0,eight
194,23.8783768214,11.5364159438,16.2627637175,15.3,6.18300653595,14.0,7.0,2.0,18.0,33.0,3.0,13.0,9.0,8.0,67.0,102.0,50.0,1.0,10.0,eight
195,22.0208387846,12.3367923124,15.8113279062,80.5,7.50931677019,42.0,3.0,3.0,30.0,24.0,8.0,12.0,0.0,3.0,74.0,77.0,80.0,4.0,2.0,eight
196,24.1849625044,12.0606283769,16.3245035999,32.6808510638,7.32552083333,381.0,17.0,16.0,232.0,288.0,35.0,87.0,19.0,106.0,642.0,832.0,680.0,24.0,47.0,eight
197,23.5826588377,12.3179767586,16.2872272992,36.2424242424,7.34615384615,351.0,29.0,12.0,251.0,173.0,28.0,59.0,19.0,33.0,511.0,628.0,549.0,19.0,33.0,eight
198,24.3609034126,12.0461341687,16.4809125153,34.4,7.33372093023,256.0,17.0,5.0,137.0,141.0,23.0,49.0,15.0,74.0,350.0,476.0,365.0,19.0,25.0,eight
199,18.85272558,11.3532096335,15.3117122989,11.2,7.03571428571,11.0,3.0,2.0,12.0,7.0,2.0,5.0,0.0,1.0,26.0,36.0,19.0,1.0,5.0,eight
200,21.6191780853,10.6996628992,14.8269528748,10.8666666667,7.9263803681,43.0,8.0,2.0,49.0,31.0,7.0,5.0,0.0,0.0,92.0,73.0,87.0,3.0,15.0,eight
201,19.0667262552,10.414997552,14.5769391831,9.33333333333,7.35714285714,16.0,3.0,2.0,13.0,18.0,3.0,12.0,2.0,1.0,46.0,43.0,41.0,0.0,9.0,eight
202,23.9837385514,11.7359108584,16.1598162026,17.3015873016,6.9380733945,502.0,49.0,4.0,332.0,409.0,77.0,215.0,34.0,136.0,1033.0,1225.0,926.0,29.0,126.0,eight
203,19.8481585486,10.2832543524,14.0084194124,14.0,7.91071428571,11.0,2.0,2.0,9.0,9.0,2.0,3.0,0.0,0.0,23.0,28.0,24.0,4.0,4.0,eight
204,24.6688509587,12.030582312,16.5057725907,22.1100917431,7.06639004149,638.0,53.0,9.0,363.0,391.0,70.0,188.0,22.0,237.0,1012.0,1415.0,960.0,35.0,109.0,eight
205,23.3738478317,11.6425671877,15.6220580595,16.5555555556,7.3937360179,212.0,19.0,8.0,144.0,158.0,35.0,48.0,7.0,41.0,385.0,483.0,379.0,32.0,54.0,eight
206,25.5406934405,12.8635346619,16.8236299418,33.1578947368,7.13333333333,194.0,19.0,8.0,96.0,85.0,12.0,27.0,15.0,38.0,220.0,357.0,272.0,1.0,19.0,eight
207,21.0981757042,10.7204918731,14.9436608662,11.3333333333,7.5,19.0,0.0,1.0,15.0,16.0,2.0,4.0,0.0,0.0,37.0,35.0,32.0,1.0,6.0,eight
208,23.5026232659,11.8806438412,16.2432205467,21.2564102564,7.11459589867,200.0,23.0,6.0,146.0,136.0,21.0,56.0,7.0,58.0,359.0,479.0,343.0,7.0,39.0,eight
209,24.155900727,12.6033010255,16.5943311581,34.4444444444,7.22365591398,260.0,16.0,16.0,112.0,139.0,33.0,54.0,24.0,71.0,338.0,500.0,415.0,15.0,27.0,eight
210,21.3706966864,11.0294966387,15.0693244654,15.375,6.74796747967,76.0,13.0,6.0,75.0,71.0,4.0,22.0,7.0,5.0,172.0,229.0,131.0,9.0,24.0,eight
211,23.1113985197,11.9908298203,15.940953554,21.8072289157,7.16519337017,469.0,48.0,22.0,356.0,282.0,54.0,111.0,26.0,72.0,803.0,995.0,776.0,39.0,83.0,eight
212,23.0535295956,12.5580800844,16.145079604,31.0930232558,7.43754674645,348.0,68.0,22.0,288.0,172.0,26.0,44.0,14.0,29.0,530.0,684.0,636.0,17.0,43.0,eight
213,22.8098672198,12.0920943357,15.5508499755,28.3333333333,7.72100840336,168.0,16.0,2.0,112.0,90.0,24.0,20.0,6.0,27.0,246.0,307.0,268.0,20.0,21.0,eight
214,21.7292714612,10.49473365,14.5732683273,12.4,7.49193548387,24.0,12.0,1.0,31.0,20.0,8.0,4.0,0.0,2.0,63.0,66.0,56.0,2.0,10.0,eight
215,23.7574593582,12.2849177856,16.24269547,29.427480916,7.12736705577,1018.0,78.0,47.0,599.0,593.0,108.0,259.0,72.0,215.0,1559.0,2165.0,1620.0,70.0,131.0,eight
216,23.4173527699,12.2797506811,16.1701505189,26.5192307692,7.51849166062,420.0,27.0,13.0,260.0,201.0,48.0,75.0,54.0,47.0,584.0,676.0,673.0,30.0,52.0,eight
217,23.7616925457,12.2280469,16.240033581,56.4347826087,7.18027734977,383.0,19.0,17.0,186.0,201.0,34.0,71.0,39.0,89.0,492.0,726.0,551.0,21.0,23.0,eight
218,23.5569252604,12.0891184333,16.1117770378,23.303030303,7.60858257477,198.0,10.0,5.0,113.0,116.0,32.0,53.0,10.0,56.0,314.0,409.0,338.0,22.0,33.0,eight
219,22.2518132686,10.7753530927,15.1198038366,15.1666666667,7.47252747253,47.0,3.0,3.0,42.0,33.0,6.0,6.0,0.0,3.0,87.0,100.0,78.0,4.0,12.0,eight
220,23.4938382742,12.5617320767,16.0617114869,26.8888888889,7.64049586777,121.0,10.0,6.0,67.0,62.0,22.0,32.0,9.0,32.0,183.0,243.0,225.0,16.0,18.0,eight
221,23.5245108444,12.3677605909,16.454101781,17.3333333333,7.4358974359,78.0,6.0,1.0,51.0,53.0,16.0,9.0,4.0,24.0,129.0,170.0,135.0,7.0,18.0,eight
222,24.3127842478,12.1694305205,16.4484097925,25.1666666667,7.09023178808,334.0,28.0,12.0,168.0,181.0,23.0,78.0,17.0,85.0,450.0,692.0,505.0,11.0,48.0,eight
223,23.4842914459,12.2370356454,16.0627039357,33.3692307692,7.39649608114,575.0,44.0,30.0,427.0,338.0,65.0,119.0,21.0,73.0,949.0,1136.0,994.0,39.0,65.0,eight
224,23.8148314009,12.164967764,16.3511530674,27.8,7.14568345324,474.0,33.0,25.0,325.0,258.0,56.0,78.0,26.0,44.0,717.0,898.0,734.0,36.0,60.0,eight
225,21.7294245705,11.4485756452,15.6126680902,21.5,6.6976744186,53.0,10.0,1.0,59.0,52.0,6.0,25.0,10.0,19.0,142.0,178.0,116.0,7.0,14.0,eight
226,24.6096798939,12.0636612013,16.685839031,25.0980392157,6.834375,350.0,19.0,8.0,188.0,197.0,37.0,83.0,29.0,105.0,505.0,762.0,511.0,7.0,51.0,eight
227,23.8997131462,12.1623118098,16.2966275364,24.5,7.63945578231,36.0,2.0,1.0,26.0,12.0,10.0,10.0,3.0,6.0,58.0,66.0,79.0,2.0,6.0,eight
228,23.4287783441,12.3991317808,16.0062588104,23.2678571429,7.35917114351,400.0,16.0,6.0,244.0,181.0,41.0,63.0,20.0,68.0,529.0,675.0,609.0,19.0,56.0,eight
229,24.4290253662,11.8241647225,16.44274375,20.6403508772,7.07054823629,632.0,29.0,6.0,375.0,464.0,77.0,181.0,30.0,115.0,1097.0,1346.0,980.0,27.0,114.0,eight
230,24.9552578416,11.9438434981,17.199018577,23.0,6.56038647343,47.0,1.0,0.0,37.0,39.0,7.0,13.0,1.0,21.0,96.0,126.0,81.0,0.0,9.0,eight
231,24.3685024441,12.1979571161,16.6924880258,17.2777777778,7.1077170418,167.0,6.0,2.0,102.0,89.0,33.0,50.0,15.0,54.0,274.0,357.0,260.0,5.0,36.0,eight
232,20.634240974,9.95832581584,14.2724156465,13.8181818182,7.83552631579,41.0,6.0,0.0,40.0,35.0,8.0,5.0,0.0,2.0,88.0,67.0,82.0,3.0,11.0,eight
233,23.9105139575,12.3205563274,16.1334466206,25.737704918,7.57388535032,468.0,59.0,13.0,314.0,195.0,86.0,79.0,19.0,47.0,674.0,829.0,700.0,41.0,61.0,eight
234,21.1328975228,10.9396446826,14.5908402893,19.7272727273,7.3202764977,94.0,17.0,9.0,107.0,59.0,15.0,14.0,10.0,15.0,195.0,235.0,172.0,27.0,22.0,eight
235,24.2462707837,12.6103285114,16.6498385383,32.9183673469,7.32610043397,445.0,65.0,22.0,325.0,220.0,30.0,53.0,24.0,64.0,628.0,807.0,778.0,28.0,49.0,eight
236,23.5766438045,11.9471034407,16.3548178269,17.2575757576,6.98858647937,291.0,7.0,8.0,157.0,232.0,36.0,95.0,8.0,112.0,520.0,669.0,443.0,27.0,66.0,eight
237,24.0116691175,11.8773077406,16.2624970515,14.2482269504,7.28322548532,425.0,49.0,13.0,326.0,362.0,52.0,121.0,16.0,198.0,861.0,1075.0,905.0,29.0,141.0,eight
238,24.4237296111,12.6416943842,16.7276928947,39.2272727273,7.29548088065,264.0,12.0,7.0,80.0,161.0,28.0,70.0,24.0,51.0,339.0,477.0,372.0,14.0,22.0,eight
239,23.2442838355,12.5473341111,16.5040429113,24.0,7.32291666667,173.0,2.0,14.0,74.0,114.0,24.0,32.0,14.0,25.0,244.0,288.0,277.0,11.0,24.0,eight
240,23.9981558385,12.4157630615,16.07383045,45.2,7.69911504425,195.0,9.0,2.0,105.0,112.0,28.0,23.0,12.0,69.0,268.0,349.0,307.0,22.0,15.0,eight
241,23.8419110703,11.8093206659,16.2734542483,21.2295081967,7.30115830116,716.0,30.0,4.0,409.0,491.0,96.0,146.0,29.0,143.0,1142.0,1424.0,1114.0,52.0,122.0,eight
242,22.5909135478,11.9069813519,15.9679243412,21.1268656716,7.33451077358,680.0,139.0,11.0,553.0,451.0,81.0,137.0,17.0,116.0,1222.0,1581.0,1179.0,71.0,134.0,eight
243,23.4805743322,11.98475009,15.8272556239,19.2988505747,7.47826086957,459.0,23.0,7.0,294.0,248.0,69.0,112.0,20.0,79.0,723.0,866.0,766.0,47.0,87.0,eight
244,23.2646278603,11.6373883255,16.1575606175,19.9693877551,6.87046499745,827.0,110.0,25.0,680.0,877.0,89.0,257.0,30.0,241.0,1903.0,2368.0,1513.0,33.0,196.0,eight
245,23.5700477242,12.2540158574,16.2220925193,21.9213483146,7.27524346489,528.0,45.0,19.0,344.0,298.0,63.0,98.0,31.0,82.0,803.0,1034.0,895.0,22.0,89.0,eight
246,23.9895326594,12.8863396951,16.4624572893,32.0666666667,7.22661122661,152.0,4.0,5.0,74.0,72.0,16.0,28.0,12.0,22.0,190.0,237.0,235.0,9.0,15.0,eight
247,21.0104189048,10.4916151472,14.848242681,10.5555555556,6.64210526316,35.0,8.0,1.0,46.0,36.0,5.0,9.0,1.0,6.0,96.0,117.0,70.0,3.0,18.0,eight
248,24.8113103347,12.3716816587,16.7901697414,30.3103448276,6.91922639363,247.0,20.0,5.0,104.0,128.0,50.0,52.0,28.0,73.0,334.0,514.0,358.0,7.0,29.0,eight
249,24.1886876754,12.3361959432,16.9401986675,24.7692307692,6.93517080745,643.0,51.0,55.0,397.0,437.0,81.0,142.0,46.0,157.0,1057.0,1461.0,1094.0,21.0,104.0,eight
250,22.9802365106,12.2019987463,16.3148086615,31.1470588235,7.23040604344,278.0,17.0,9.0,143.0,160.0,63.0,85.0,23.0,60.0,451.0,550.0,497.0,12.0,34.0,eight
251,24.3115722792,12.6549061392,16.87129207,29.8653846154,6.90663232453,447.0,53.0,7.0,295.0,233.0,54.0,94.0,19.0,43.0,676.0,866.0,678.0,9.0,52.0,eight
252,24.6070320684,12.6814920418,16.7183834658,33.8888888889,7.06639344262,370.0,10.0,12.0,192.0,175.0,46.0,64.0,16.0,81.0,477.0,697.0,514.0,9.0,36.0,eight
253,23.6690169504,12.2493532141,16.3328205164,36.1951219512,7.22035040431,398.0,41.0,17.0,263.0,222.0,71.0,99.0,28.0,48.0,655.0,779.0,680.0,25.0,41.0,eight
254,23.2122052332,12.5054369399,16.4421185063,26.3428571429,7.19197396963,254.0,49.0,10.0,209.0,123.0,20.0,19.0,9.0,18.0,371.0,503.0,406.0,13.0,35.0,seven
255,23.2824227746,12.3638431888,15.9677818333,29.7638888889,7.60849276715,602.0,100.0,19.0,448.0,279.0,91.0,116.0,34.0,31.0,934.0,1044.0,1056.0,43.0,72.0,seven
256,18.5194831242,10.5068232859,14.1058682782,9.875,7.64556962025,19.0,7.0,1.0,25.0,8.0,1.0,1.0,1.0,1.0,35.0,37.0,38.0,4.0,8.0,seven
257,20.5461331489,10.8768240795,14.3268114975,11.1428571429,7.5,16.0,5.0,0.0,17.0,12.0,2.0,2.0,2.0,1.0,33.0,37.0,40.0,1.0,7.0,seven
258,21.6970417097,10.8579826343,14.7757362431,13.25,7.91509433962,25.0,3.0,1.0,34.0,19.0,6.0,5.0,0.0,1.0,64.0,45.0,58.0,3.0,8.0,seven
259,22.1265108262,11.9456429443,15.8828540739,17.2857142857,7.50826446281,53.0,5.0,7.0,42.0,41.0,16.0,11.0,1.0,13.0,110.0,119.0,119.0,4.0,14.0,seven
260,24.1118815486,11.8836545066,16.2404278208,23.9887640449,7.16393442623,513.0,39.0,9.0,335.0,415.0,73.0,183.0,51.0,105.0,1006.0,1182.0,919.0,34.0,89.0,seven
261,23.3155546022,12.0318280399,15.9419603415,15.2040816327,7.2,199.0,14.0,3.0,147.0,122.0,12.0,27.0,4.0,76.0,308.0,426.0,306.0,13.0,49.0,seven
262,23.9574075814,11.8608643467,16.1990570093,23.5935483871,7.21821164889,959.0,96.0,30.0,634.0,569.0,102.0,214.0,42.0,210.0,1519.0,2035.0,1542.0,80.0,155.0,seven
263,24.4023564604,12.3551336028,16.6559238744,21.4090909091,7.34182590234,127.0,6.0,3.0,80.0,66.0,8.0,21.0,5.0,50.0,175.0,249.0,216.0,6.0,22.0,seven
264,21.7176696161,11.4133851405,15.2242881345,25.9090909091,7.20789473684,265.0,38.0,21.0,269.0,197.0,27.0,39.0,12.0,20.0,532.0,648.0,455.0,37.0,44.0,seven
265,24.6790805889,11.8484368255,16.2833344889,12.5581395349,6.89259259259,132.0,17.0,2.0,77.0,106.0,18.0,47.0,5.0,34.0,248.0,321.0,214.0,5.0,43.0,seven
266,25.0653149079,13.1044063841,17.1189095319,26.48,7.24924471299,206.0,8.0,6.0,125.0,93.0,24.0,24.0,16.0,27.0,266.0,336.0,312.0,14.0,25.0,seven
267,23.7074771237,12.0784157502,16.2677184736,25.8529411765,7.45051194539,189.0,5.0,2.0,167.0,169.0,15.0,34.0,5.0,103.0,385.0,516.0,337.0,26.0,34.0,seven
268,22.8386798292,11.9257343601,16.0546594588,31.5,7.19047619048,196.0,13.0,1.0,160.0,122.0,21.0,30.0,9.0,21.0,333.0,383.0,293.0,17.0,22.0,seven
269,21.6716212399,10.5930217981,14.5035813652,13.2,7.41477272727,117.0,25.0,4.0,135.0,105.0,9.0,17.0,4.0,13.0,266.0,304.0,204.0,20.0,40.0,seven
270,20.1076489136,10.8819902221,14.3501940241,15.8,8.06962025316,44.0,4.0,2.0,41.0,25.0,4.0,6.0,2.0,1.0,76.0,71.0,79.0,8.0,10.0,seven
271,22.6417299817,12.2949631256,15.8041768102,28.0384615385,7.58710562414,195.0,12.0,13.0,132.0,101.0,33.0,39.0,8.0,14.0,305.0,362.0,351.0,16.0,26.0,seven
272,24.1593934698,12.5843769477,16.4430209801,34.3888888889,7.29846526656,749.0,98.0,31.0,603.0,290.0,61.0,62.0,39.0,45.0,1016.0,1306.0,1138.0,32.0,72.0,seven
273,23.7088453261,12.2816675199,16.1763196078,19.1724137931,7.17086330935,171.0,2.0,8.0,115.0,62.0,13.0,12.0,4.0,43.0,202.0,320.0,223.0,13.0,29.0,seven
274,22.9578117624,12.3187000604,15.9442275091,33.564516129,7.33733781836,632.0,54.0,22.0,510.0,227.0,79.0,56.0,34.0,27.0,872.0,1105.0,935.0,41.0,62.0,seven
275,24.1198839601,12.0309704831,16.3996645328,27.0,7.27330779055,214.0,13.0,2.0,153.0,114.0,41.0,53.0,9.0,35.0,361.0,415.0,352.0,16.0,29.0,seven
276,24.3375454997,12.6354017026,16.6708263443,26.7532467532,7.28252427184,572.0,41.0,21.0,328.0,301.0,41.0,96.0,37.0,130.0,766.0,1101.0,928.0,31.0,77.0,seven
277,23.3350508684,11.8125208758,16.0195892727,23.9,7.45815899582,105.0,17.0,2.0,85.0,81.0,16.0,37.0,9.0,17.0,219.0,259.0,200.0,19.0,20.0,seven
278,25.1804017245,12.7782193613,16.9168117499,24.0535714286,7.07275426875,389.0,47.0,21.0,193.0,201.0,31.0,74.0,46.0,75.0,499.0,739.0,597.0,11.0,56.0,seven
279,23.6911000284,11.5258581242,15.6843726022,21.8222222222,7.1099796334,215.0,23.0,9.0,157.0,181.0,32.0,56.0,12.0,59.0,426.0,542.0,422.0,18.0,45.0,seven
280,21.4002530353,10.9773023474,15.0995124682,15.3076923077,6.79396984925,32.0,6.0,1.0,38.0,41.0,6.0,12.0,5.0,9.0,97.0,122.0,75.0,2.0,13.0,seven
281,25.0110729689,12.0465691497,16.3569921623,19.34375,6.92245557351,308.0,19.0,6.0,201.0,196.0,37.0,104.0,4.0,99.0,538.0,714.0,509.0,15.0,64.0,seven
282,23.8924761068,11.9411946808,16.0091030479,30.7826086957,7.57344632768,178.0,12.0,3.0,100.0,97.0,49.0,39.0,14.0,53.0,285.0,373.0,318.0,17.0,23.0,seven
283,24.2962728478,11.8188840491,16.4729195829,31.3333333333,7.16489361702,119.0,4.0,1.0,62.0,50.0,6.0,22.0,0.0,52.0,140.0,222.0,151.0,3.0,12.0,seven
284,25.0945681585,12.3042578624,16.876845121,18.6115107914,6.98994974874,724.0,36.0,7.0,316.0,416.0,97.0,210.0,54.0,251.0,1039.0,1499.0,1069.0,19.0,139.0,seven
285,23.6947008806,12.1000854183,16.3402690493,27.5041322314,7.14903846154,819.0,124.0,36.0,550.0,565.0,90.0,240.0,51.0,188.0,1445.0,1837.0,1447.0,44.0,121.0,seven
286,21.6074466102,10.6803699008,14.4304859814,16.375,7.73282442748,54.0,15.0,5.0,69.0,36.0,10.0,7.0,2.0,4.0,122.0,129.0,118.0,15.0,16.0,seven
287,22.9646765075,12.0335514027,15.9077903702,26.68,7.49475262369,183.0,7.0,4.0,133.0,96.0,27.0,37.0,5.0,22.0,293.0,331.0,315.0,21.0,25.0,seven
288,24.2636778139,12.0348791446,16.1644171445,17.0,7.44636678201,87.0,5.0,0.0,50.0,72.0,15.0,10.0,2.0,13.0,147.0,154.0,126.0,9.0,17.0,seven
289,23.9189744586,11.9738111271,16.1518376698,19.3407407407,7.12868632708,654.0,45.0,18.0,392.0,430.0,89.0,168.0,25.0,215.0,1079.0,1493.0,1059.0,59.0,135.0,seven
290,22.9321187932,11.7210677569,15.6854582157,19.75,7.78481012658,143.0,15.0,4.0,124.0,109.0,29.0,32.0,2.0,17.0,294.0,297.0,315.0,20.0,32.0,seven
291,23.2628346721,12.1055599529,16.1960346873,23.8431372549,7.22203947368,321.0,32.0,7.0,230.0,180.0,40.0,62.0,14.0,44.0,512.0,676.0,513.0,27.0,51.0,seven
292,23.6648852745,12.4793239802,16.3355209946,33.511627907,7.49201943095,419.0,62.0,22.0,274.0,226.0,33.0,28.0,9.0,37.0,561.0,744.0,639.0,58.0,43.0,seven
293,23.6123367775,12.0566323558,16.1603183622,19.6428571429,7.01818181818,68.0,1.0,1.0,46.0,52.0,9.0,11.0,4.0,24.0,118.0,148.0,127.0,0.0,14.0,seven
294,20.336735579,10.3145187144,14.2604504472,10.5384615385,7.99270072993,33.0,5.0,0.0,39.0,29.0,7.0,3.0,1.0,2.0,78.0,62.0,69.0,6.0,13.0,seven
295,23.4257700794,12.2784199433,16.0313485308,22.5483870968,7.62231759657,586.0,53.0,17.0,340.0,364.0,61.0,141.0,41.0,94.0,906.0,1081.0,962.0,54.0,93.0,seven
296,20.7166627358,11.015940427,14.8569106279,16.5384615385,7.59534883721,42.0,2.0,7.0,48.0,40.0,5.0,11.0,6.0,6.0,104.0,112.0,91.0,12.0,13.0,seven
297,22.4079138014,11.6719998077,16.1742010926,14.5,5.56896551724,22.0,0.0,1.0,22.0,24.0,8.0,7.0,4.0,6.0,61.0,94.0,21.0,1.0,8.0,seven
298,24.4554547963,12.0823490129,16.5475593525,19.4649122807,6.89229382605,526.0,36.0,10.0,277.0,423.0,85.0,170.0,33.0,230.0,955.0,1327.0,859.0,33.0,114.0,seven
299,22.409997367,11.7128953307,15.6698485689,18.3684210526,7.15902578797,158.0,30.0,5.0,174.0,113.0,12.0,33.0,1.0,29.0,332.0,399.0,289.0,10.0,38.0,seven
300,23.233972109,12.2488551786,15.9660657473,28.3414634146,7.43029259897,319.0,22.0,34.0,221.0,152.0,39.0,61.0,7.0,41.0,473.0,601.0,534.0,27.0,41.0,seven
301,23.7179299738,12.007758957,16.4599528072,25.3513513514,6.97308102345,931.0,57.0,13.0,546.0,701.0,107.0,374.0,80.0,220.0,1728.0,2182.0,1512.0,58.0,148.0,seven
302,22.5676504267,12.5867598697,15.7040540678,29.2222222222,7.65399239544,284.0,30.0,38.0,239.0,96.0,30.0,14.0,19.0,18.0,379.0,503.0,513.0,36.0,36.0,seven
303,23.5962220363,11.6408113222,15.8034765383,25.9333333333,7.54370179949,218.0,12.0,2.0,139.0,136.0,42.0,51.0,15.0,25.0,368.0,387.0,379.0,12.0,30.0,seven
304,24.1147854356,12.7497415745,16.4001939695,37.9473684211,7.31622746186,836.0,109.0,38.0,621.0,340.0,76.0,97.0,55.0,95.0,1134.0,1459.0,1393.0,32.0,76.0,seven
305,22.0171035016,10.4686747214,15.1709316701,12.4,7.17741935484,13.0,6.0,3.0,16.0,30.0,4.0,9.0,2.0,9.0,59.0,68.0,52.0,4.0,10.0,seven
306,23.6081379226,11.9557989465,15.9912075941,24.2741935484,7.17674418605,367.0,34.0,15.0,201.0,237.0,49.0,91.0,21.0,127.0,578.0,869.0,610.0,26.0,62.0,seven
307,22.2747268239,10.6759625917,15.3754503063,10.3636363636,6.69298245614,14.0,5.0,2.0,19.0,25.0,4.0,7.0,3.0,9.0,55.0,73.0,36.0,5.0,11.0,seven
308,24.4056170551,11.8783414199,16.4846357871,21.3666666667,7.16952678107,471.0,14.0,9.0,296.0,319.0,77.0,119.0,18.0,157.0,811.0,1071.0,815.0,37.0,90.0,seven
309,23.0421313789,12.515972939,16.1471815862,30.72,7.41883680556,662.0,71.0,34.0,529.0,297.0,70.0,39.0,20.0,35.0,935.0,1159.0,1087.0,58.0,75.0,seven
310,24.2910033347,12.5820760371,16.6752090401,28.25,7.00748808713,385.0,46.0,24.0,216.0,173.0,52.0,92.0,18.0,76.0,533.0,805.0,653.0,11.0,52.0,seven
311,22.550090781,12.4101058617,16.4820437769,14.7777777778,7.84210526316,39.0,0.0,1.0,19.0,26.0,5.0,10.0,0.0,9.0,60.0,54.0,79.0,0.0,9.0,seven
312,23.966489757,12.4646911519,16.4634729893,33.6666666667,7.18768833405,669.0,25.0,22.0,297.0,337.0,103.0,142.0,43.0,145.0,879.0,1308.0,970.0,45.0,69.0,seven
313,21.8749973978,10.7348143423,14.7251887158,11.2222222222,7.67326732673,48.0,3.0,2.0,50.0,43.0,9.0,16.0,2.0,2.0,118.0,100.0,99.0,3.0,18.0,seven
314,24.6569582247,12.1267533854,16.5451838731,23.0434782609,7.23773584906,282.0,12.0,2.0,156.0,189.0,21.0,76.0,11.0,117.0,442.0,616.0,425.0,19.0,46.0,seven
315,23.9753658326,12.4404085124,16.129189397,20.0,7.525,183.0,5.0,10.0,103.0,83.0,26.0,32.0,8.0,46.0,244.0,334.0,286.0,20.0,32.0,seven
316,23.5525496161,11.4106257761,15.7915266284,26.6046511628,7.07867132867,238.0,38.0,5.0,166.0,245.0,45.0,82.0,10.0,56.0,538.0,655.0,464.0,25.0,43.0,seven
317,22.0091001993,11.2763599669,15.1774148206,15.3636363636,7.31360946746,39.0,4.0,2.0,31.0,31.0,13.0,12.0,6.0,9.0,87.0,90.0,72.0,7.0,11.0,seven
318,22.5738337232,11.094848808,15.9938077069,10.2352941176,5.88505747126,14.0,4.0,2.0,22.0,51.0,2.0,20.0,10.0,8.0,95.0,126.0,47.0,1.0,17.0,seven
319,23.4022511314,12.4547743775,16.4033753486,27.5555555556,6.91129032258,140.0,13.0,7.0,77.0,80.0,10.0,26.0,5.0,31.0,193.0,297.0,190.0,9.0,18.0,five
320,23.1138595124,12.5235937645,16.193338669,21.0256410256,7.20853658537,249.0,30.0,7.0,166.0,109.0,27.0,16.0,4.0,14.0,318.0,441.0,362.0,17.0,39.0,five
321,23.2782779489,11.9467333563,15.9197108417,18.4857142857,7.17774343122,145.0,28.0,9.0,103.0,93.0,17.0,36.0,5.0,40.0,249.0,367.0,270.0,10.0,35.0,five
322,22.9144121091,11.6482871458,15.5432644332,24.6818181818,7.69429097606,142.0,18.0,3.0,106.0,98.0,13.0,30.0,3.0,13.0,247.0,282.0,227.0,34.0,22.0,five
323,22.6578259204,11.7154485135,15.8107085639,29.8846153846,7.23552123552,217.0,23.0,16.0,151.0,107.0,32.0,28.0,10.0,17.0,318.0,426.0,333.0,18.0,26.0,five
324,25.5573599821,12.8617362615,17.2934262257,19.84375,7.13543307087,207.0,7.0,3.0,69.0,136.0,26.0,31.0,18.0,51.0,262.0,361.0,265.0,9.0,32.0,five
325,22.3283172484,11.7964900049,15.6243832102,20.5625,7.41337386018,99.0,9.0,7.0,61.0,40.0,17.0,12.0,9.0,10.0,130.0,162.0,160.0,7.0,16.0,five
326,23.9170209066,11.8840882718,16.4351365179,22.3913043478,6.81553398058,134.0,10.0,3.0,89.0,100.0,19.0,26.0,6.0,22.0,234.0,305.0,201.0,9.0,23.0,five
327,22.9652953938,11.844761701,16.2787447271,19.8275862069,6.60869565217,138.0,8.0,7.0,105.0,93.0,10.0,29.0,2.0,32.0,237.0,362.0,210.0,3.0,29.0,five
328,24.2064729447,11.9086426817,15.7736654832,20.2,7.4603960396,87.0,17.0,3.0,63.0,86.0,6.0,32.0,3.0,25.0,187.0,217.0,176.0,11.0,20.0,five
329,24.3146009078,12.8103835313,16.5410695814,33.25,7.14786967419,221.0,33.0,12.0,147.0,118.0,18.0,34.0,10.0,28.0,317.0,422.0,367.0,9.0,24.0,five
330,23.126724633,12.3608152902,16.2787342618,24.2142857143,7.40265486726,186.0,10.0,19.0,134.0,101.0,14.0,23.0,7.0,18.0,272.0,350.0,305.0,23.0,28.0,five
331,23.4300570449,11.9389257061,15.8231545419,21.6857142857,7.42951251647,189.0,18.0,8.0,120.0,119.0,32.0,45.0,4.0,27.0,316.0,406.0,340.0,13.0,35.0,five
332,23.0129161071,11.7512406652,15.9236986208,21.3095238095,7.30279329609,191.0,44.0,3.0,147.0,175.0,38.0,57.0,5.0,40.0,417.0,520.0,349.0,26.0,42.0,five
333,22.9494752655,12.3629094572,16.3385352794,27.8095238095,7.17808219178,162.0,5.0,13.0,80.0,88.0,21.0,38.0,9.0,19.0,227.0,326.0,247.0,11.0,21.0,five
334,23.6319171598,12.2946529806,16.4797482145,27.7619047619,6.97770154374,144.0,17.0,19.0,89.0,72.0,14.0,36.0,9.0,25.0,211.0,342.0,233.0,8.0,21.0,five
335,23.7480146054,11.8943483319,16.0942519469,30.0416666667,7.36615811373,165.0,23.0,4.0,114.0,129.0,30.0,40.0,4.0,34.0,313.0,381.0,327.0,13.0,24.0,five
336,22.3066397582,11.4455939336,15.8850274148,17.7777777778,7.28875,190.0,22.0,4.0,146.0,176.0,10.0,57.0,6.0,32.0,389.0,429.0,364.0,7.0,45.0,five
337,22.6867971349,11.5706473688,14.7862528792,18.1538461538,7.99576271186,77.0,0.0,4.0,40.0,41.0,10.0,8.0,0.0,7.0,99.0,103.0,122.0,11.0,13.0,five
338,22.5097868596,11.7626162092,15.5463769648,26.9230769231,7.47714285714,99.0,12.0,5.0,76.0,46.0,7.0,18.0,5.0,14.0,147.0,187.0,152.0,11.0,13.0,five
339,23.7208445767,12.1190429976,16.3577793182,21.8275862069,7.18957345972,165.0,25.0,4.0,112.0,84.0,28.0,27.0,9.0,26.0,251.0,349.0,270.0,14.0,29.0,five
340,24.156072648,12.7119317599,16.4412808113,31.0384615385,7.10780669145,258.0,15.0,5.0,168.0,107.0,22.0,41.0,22.0,21.0,338.0,429.0,371.0,7.0,26.0,five
341,24.8905023094,12.2046987253,16.8292584128,26.6,7.68421052632,163.0,3.0,4.0,58.0,102.0,15.0,46.0,16.0,20.0,221.0,240.0,285.0,7.0,20.0,five
342,20.890348598,10.8007499275,14.1758336393,11.2,7.5,13.0,1.0,0.0,14.0,16.0,5.0,3.0,0.0,0.0,38.0,32.0,22.0,2.0,5.0,five
343,24.1148397218,11.6216079926,16.0132916933,14.3703703704,7.33762886598,108.0,3.0,2.0,61.0,80.0,9.0,28.0,5.0,26.0,178.0,209.0,175.0,4.0,27.0,five
344,21.7298297692,10.5710428054,14.9906824465,11.2,7.53571428571,13.0,2.0,0.0,17.0,10.0,3.0,6.0,0.0,0.0,36.0,34.0,20.0,2.0,5.0,five
345,23.4943790683,12.2975898292,16.2387043488,19.5263157895,7.19676549865,193.0,37.0,6.0,153.0,97.0,20.0,33.0,9.0,19.0,303.0,394.0,328.0,20.0,38.0,five
346,23.1626670389,12.4292215765,16.1990015899,25.0625,7.10473815461,127.0,9.0,2.0,94.0,56.0,3.0,16.0,5.0,13.0,169.0,228.0,162.0,11.0,16.0,five
347,23.6429794442,12.7873220422,16.2783218989,27.962962963,7.38013245033,213.0,37.0,11.0,174.0,75.0,24.0,25.0,6.0,15.0,298.0,402.0,345.0,8.0,27.0,five
348,22.3999029963,12.3827848488,15.5732669113,21.1428571429,8.13738738739,130.0,11.0,12.0,92.0,49.0,16.0,8.0,2.0,16.0,165.0,190.0,236.0,18.0,21.0,five
349,23.6371995775,12.0061737258,15.911406435,18.4117647059,7.21405750799,151.0,15.0,7.0,108.0,111.0,27.0,20.0,2.0,41.0,266.0,352.0,261.0,13.0,34.0,five
350,22.5653199233,11.2631398604,14.7228309364,8.0,7.85,7.0,4.0,0.0,10.0,9.0,0.0,3.0,0.0,1.0,22.0,19.0,20.0,1.0,5.0,five
351,24.5390352557,12.1347207156,16.4807442714,27.4444444444,6.99190283401,182.0,9.0,7.0,118.0,122.0,29.0,44.0,14.0,40.0,313.0,427.0,306.0,8.0,27.0,five
352,23.2329254242,11.6405186625,15.6248537741,20.5151515152,7.12998522895,188.0,11.0,7.0,114.0,131.0,14.0,38.0,4.0,26.0,297.0,365.0,305.0,7.0,33.0,five
353,23.3772630143,11.6654382735,15.8869858647,20.2954545455,7.26203807391,202.0,17.0,1.0,138.0,192.0,27.0,83.0,9.0,60.0,440.0,498.0,369.0,26.0,44.0,five
354,23.8732617795,11.7465134612,15.5343167026,25.7142857143,7.41944444444,176.0,7.0,8.0,120.0,144.0,16.0,43.0,6.0,58.0,323.0,386.0,321.0,13.0,28.0,five
355,22.5864350658,12.0216680923,15.9558853206,23.4761904762,7.33265720081,131.0,10.0,6.0,96.0,86.0,13.0,31.0,5.0,18.0,226.0,278.0,202.0,13.0,21.0,five
356,24.484684169,12.3258771099,16.5406652969,21.0,6.98214285714,90.0,8.0,2.0,55.0,60.0,9.0,17.0,4.0,22.0,141.0,197.0,136.0,3.0,16.0,five
357,22.4077440503,12.102754881,15.8052760047,18.7435897436,7.11354309166,198.0,26.0,9.0,140.0,106.0,14.0,29.0,0.0,23.0,289.0,413.0,301.0,17.0,39.0,five
358,23.8200373687,12.1312714789,15.9117011588,25.1111111111,7.13716814159,176.0,17.0,11.0,95.0,106.0,25.0,41.0,9.0,28.0,267.0,384.0,284.0,10.0,27.0,five
359,22.736482676,12.4816791002,15.8490381558,29.375,7.26808510638,207.0,10.0,8.0,122.0,108.0,26.0,26.0,11.0,35.0,282.0,387.0,299.0,19.0,24.0,five
360,23.1351516564,12.3615791566,15.7536514621,19.6153846154,7.4431372549,84.0,3.0,0.0,51.0,49.0,10.0,0.0,1.0,5.0,110.0,132.0,118.0,5.0,13.0,five
361,22.8632337161,11.8815584223,15.7295067438,23.0322580645,7.25350140056,183.0,24.0,9.0,118.0,112.0,29.0,35.0,3.0,38.0,294.0,405.0,296.0,13.0,31.0,five
362,23.9805798054,12.4329802169,16.4272634343,30.3333333333,7.37519623234,199.0,20.0,4.0,104.0,105.0,16.0,29.0,10.0,17.0,254.0,330.0,296.0,11.0,21.0,five
363,20.0637714338,10.3103766879,14.0084194124,11.2,7.91071428571,10.0,3.0,2.0,8.0,9.0,2.0,3.0,0.0,0.0,22.0,28.0,24.0,4.0,5.0,five
364,22.6619371376,11.6751916807,15.9497875784,21.7894736842,7.10144927536,229.0,10.0,4.0,173.0,147.0,24.0,45.0,1.0,39.0,389.0,457.0,361.0,10.0,38.0,five
365,23.4257867419,11.8826073791,16.1698081751,22.4666666667,7.32640949555,178.0,8.0,12.0,130.0,124.0,18.0,37.0,6.0,31.0,309.0,367.0,299.0,8.0,30.0,five
366,24.9997182356,12.1103098387,16.6585346566,25.1875,7.1935483871,133.0,7.0,0.0,60.0,89.0,9.0,23.0,10.0,18.0,181.0,214.0,186.0,3.0,16.0,five
367,24.39983827,12.4370177592,16.4443101185,23.3947368421,7.14173228346,260.0,16.0,9.0,153.0,122.0,26.0,34.0,14.0,50.0,335.0,503.0,373.0,13.0,38.0,five
368,23.3486284536,12.0355391539,16.093434883,23.03125,7.24287652646,200.0,12.0,4.0,164.0,112.0,32.0,42.0,9.0,19.0,350.0,408.0,313.0,16.0,32.0,five
369,22.1985394779,11.7018326347,15.554503573,20.2285714286,7.7302259887,173.0,11.0,4.0,147.0,128.0,28.0,28.0,1.0,40.0,331.0,339.0,357.0,12.0,35.0,five
370,23.2465911646,12.1918660107,16.1326253807,25.4571428571,7.35353535354,292.0,13.0,10.0,182.0,119.0,24.0,38.0,11.0,18.0,363.0,448.0,427.0,16.0,35.0,five
371,20.1265719498,10.076680969,13.8224204614,11.5,8.19565217391,16.0,1.0,1.0,13.0,6.0,3.0,1.0,0.0,1.0,23.0,20.0,24.0,2.0,4.0,five
372,22.7920560266,12.2451076695,15.7952394448,34.6666666667,7.57051282051,101.0,2.0,2.0,61.0,41.0,20.0,14.0,8.0,5.0,136.0,161.0,148.0,3.0,9.0,nine
373,24.4718387678,12.26590447,16.746635747,22.1300813008,7.08523144747,734.0,42.0,14.0,326.0,469.0,96.0,219.0,43.0,306.0,1110.0,1582.0,1109.0,31.0,123.0,nine
374,23.5785054485,12.1304539603,15.8923798104,47.1162790698,7.68163869694,615.0,65.0,24.0,454.0,289.0,72.0,80.0,33.0,27.0,895.0,972.0,1017.0,37.0,43.0,nine
375,23.592186512,12.2160422799,16.1697868965,24.6666666667,7.47747747748,900.0,68.0,14.0,623.0,437.0,107.0,157.0,46.0,56.0,1324.0,1435.0,1402.0,49.0,117.0,nine
376,23.1062754374,12.2217947035,16.0442295839,28.3103448276,7.70280146163,204.0,18.0,2.0,125.0,106.0,58.0,52.0,19.0,45.0,341.0,398.0,391.0,32.0,29.0,nine
377,23.7425142794,11.628194001,16.0072216768,27.4056603774,7.02030981067,654.0,55.0,7.0,521.0,489.0,142.0,206.0,25.0,145.0,1358.0,1658.0,1178.0,69.0,106.0,nine
378,23.3512872268,12.2706193023,16.1584452339,51.8260869565,7.21644295302,674.0,38.0,16.0,404.0,367.0,78.0,152.0,48.0,100.0,1001.0,1319.0,1020.0,45.0,46.0,nine
379,21.6381151871,11.7346294985,16.4440407786,20.25,6.49382716049,23.0,8.0,2.0,27.0,24.0,5.0,11.0,6.0,2.0,67.0,106.0,55.0,1.0,8.0,nine
380,22.6529242568,11.2587048928,15.6943396209,20.5714285714,6.89583333333,32.0,5.0,1.0,30.0,32.0,1.0,7.0,6.0,6.0,70.0,80.0,63.0,1.0,7.0,nine
381,22.2012474382,11.5546127417,15.5143436197,24.4310344828,7.59562455893,333.0,34.0,29.0,272.0,244.0,55.0,78.0,16.0,38.0,649.0,723.0,663.0,31.0,58.0,nine
382,24.5185631187,12.1116377309,16.4858852104,21.125984252,7.08013417816,710.0,37.0,21.0,379.0,471.0,83.0,190.0,42.0,252.0,1123.0,1530.0,1132.0,21.0,127.0,nine
383,24.2307804843,12.6669913337,16.745695405,24.35,7.41067761807,136.0,5.0,7.0,68.0,64.0,32.0,40.0,22.0,17.0,204.0,245.0,233.0,9.0,20.0,nine
384,24.0958526777,11.7788590582,16.3562393878,25.6565656566,7.00196850394,1160.0,109.0,20.0,713.0,928.0,175.0,361.0,37.0,468.0,2177.0,3066.0,1948.0,66.0,198.0,nine
385,24.1464279355,12.0328682403,16.3870260571,21.6871794872,7.08157956964,1094.0,40.0,10.0,614.0,776.0,136.0,379.0,67.0,352.0,1905.0,2447.0,1727.0,55.0,195.0,nine
386,21.4749712194,11.3100139884,15.0874810479,27.1739130435,6.984,145.0,16.0,9.0,121.0,113.0,17.0,32.0,12.0,14.0,283.0,359.0,258.0,8.0,23.0,nine
387,23.7698957477,12.6466926172,16.6750037606,23.9375,7.44386422977,112.0,2.0,0.0,69.0,66.0,18.0,23.0,5.0,24.0,176.0,189.0,182.0,12.0,16.0,nine
388,22.1072302448,12.5587180617,16.2454646791,44.0,7.0,20.0,2.0,0.0,19.0,5.0,3.0,0.0,1.0,10.0,27.0,55.0,33.0,0.0,2.0,nine
389,22.5775089922,11.1172182994,15.0695229366,11.1428571429,7.51282051282,16.0,2.0,2.0,15.0,13.0,4.0,6.0,0.0,0.0,38.0,42.0,35.0,1.0,7.0,nine
390,20.837882769,10.5551534019,14.7196672103,13.9787234043,6.86910197869,119.0,38.0,9.0,149.0,137.0,14.0,36.0,11.0,10.0,336.0,394.0,251.0,12.0,47.0,nine
391,19.197463986,10.5520773502,14.5888528233,13.0357142857,7.57534246575,59.0,16.0,11.0,71.0,54.0,9.0,9.0,11.0,16.0,143.0,193.0,157.0,15.0,28.0,nine
392,21.8373948795,9.8196745472,14.2304029805,9.125,7.68493150685,36.0,2.0,8.0,30.0,24.0,2.0,8.0,2.0,0.0,64.0,73.0,67.0,6.0,16.0,nine
393,23.5640632685,11.7637881338,15.9588460731,24.9107142857,7.15340501792,322.0,25.0,4.0,226.0,286.0,44.0,133.0,14.0,70.0,689.0,775.0,590.0,30.0,56.0,nine
394,23.2249434333,11.6705641871,16.0642130048,17.2954545455,6.83311432326,163.0,22.0,8.0,155.0,119.0,21.0,34.0,6.0,49.0,329.0,458.0,296.0,7.0,44.0,nine
395,24.0326747193,12.1125218634,16.3196028357,24.5423728814,7.48342541436,384.0,18.0,6.0,198.0,284.0,43.0,80.0,7.0,133.0,605.0,783.0,613.0,52.0,59.0,nine
396,23.456741711,12.3899343953,16.2426628388,24.0634920635,7.50461741425,407.0,17.0,4.0,240.0,265.0,63.0,53.0,23.0,143.0,621.0,777.0,716.0,23.0,63.0,nine
397,24.4782397227,12.2887218211,16.7227391036,17.7021276596,7.01322115385,223.0,15.0,11.0,111.0,130.0,45.0,54.0,19.0,55.0,340.0,472.0,351.0,9.0,47.0,nine
398,21.2310610687,10.5108184699,14.0405221525,11.3333333333,7.94705882353,42.0,7.0,1.0,41.0,40.0,7.0,5.0,0.0,4.0,93.0,82.0,80.0,8.0,15.0,nine
399,23.3978331909,12.7858830275,16.3498457872,40.5,7.11111111111,26.0,1.0,0.0,16.0,17.0,0.0,4.0,3.0,4.0,37.0,49.0,29.0,3.0,2.0,nine
400,24.8427337451,12.4738044745,16.8358103648,27.0,7.26126126126,285.0,28.0,9.0,175.0,158.0,36.0,44.0,21.0,56.0,413.0,528.0,454.0,17.0,37.0,nine
401,23.0964602467,12.1550721758,16.0608579929,22.35,7.25950782998,116.0,8.0,0.0,80.0,68.0,19.0,28.0,2.0,24.0,195.0,239.0,204.0,4.0,20.0,nine
402,24.2732694133,12.2783478695,16.5484979611,44.90625,7.2832289492,387.0,37.0,5.0,245.0,215.0,54.0,63.0,25.0,90.0,577.0,772.0,645.0,20.0,32.0,nine
403,23.3280049043,12.1858078073,15.9867831051,27.0454545455,7.41848739496,163.0,3.0,1.0,103.0,93.0,29.0,42.0,13.0,24.0,267.0,309.0,275.0,11.0,22.0,nine
404,22.9340912346,12.3531394673,16.0841812431,33.0519480519,7.24675834971,701.0,47.0,54.0,472.0,378.0,84.0,110.0,41.0,75.0,1044.0,1360.0,1124.0,61.0,77.0,nine
405,23.0958265221,12.2029009601,15.9414852459,29.2222222222,7.71482889734,78.0,3.0,0.0,46.0,50.0,13.0,15.0,2.0,7.0,124.0,126.0,128.0,9.0,9.0,nine
406,23.3636637937,12.6680992577,16.0355361861,53.4444444444,7.6288981289,283.0,13.0,9.0,185.0,122.0,41.0,30.0,27.0,49.0,378.0,461.0,477.0,24.0,18.0,nine
407,23.9003699917,11.7506442668,16.2532689838,20.9055555556,7.056869519,960.0,60.0,16.0,598.0,703.0,124.0,236.0,33.0,198.0,1661.0,2131.0,1577.0,55.0,180.0,nine
408,23.2607909869,11.575375434,16.2367222913,18.6470588235,6.47634069401,34.0,3.0,4.0,45.0,72.0,2.0,42.0,14.0,20.0,161.0,193.0,121.0,3.0,17.0,nine
409,20.8665946826,10.7367870099,14.9285397903,8.92,6.65919282511,37.0,6.0,4.0,32.0,55.0,7.0,14.0,6.0,12.0,108.0,136.0,84.0,3.0,25.0,nine
410,23.6088023826,11.7297341917,16.1461512923,24.5048543689,6.97583201268,605.0,48.0,10.0,418.0,490.0,86.0,229.0,20.0,91.0,1223.0,1470.0,1003.0,51.0,103.0,nine
411,24.0080756723,12.5606763896,16.5739475226,26.4074074074,7.58835904628,394.0,30.0,20.0,249.0,247.0,32.0,101.0,48.0,48.0,629.0,703.0,658.0,65.0,54.0,nine
412,21.1477765695,10.48976666,14.3563803162,17.1,7.54385964912,45.0,4.0,3.0,38.0,40.0,7.0,6.0,0.0,7.0,91.0,87.0,79.0,5.0,10.0,nine
413,25.08520056,12.6018556978,17.1031537247,45.5555555556,7.27073170732,120.0,3.0,3.0,56.0,55.0,29.0,29.0,15.0,23.0,169.0,211.0,197.0,2.0,9.0,nine
414,24.0191485018,11.6328566242,16.3724346958,16.6607142857,6.59878528046,616.0,66.0,7.0,449.0,527.0,67.0,206.0,16.0,268.0,1249.0,1778.0,996.0,25.0,168.0,nine
415,23.802518326,12.4525075036,16.517420081,30.5,7.4074941452,125.0,6.0,1.0,77.0,70.0,18.0,14.0,22.0,15.0,179.0,216.0,200.0,11.0,14.0,nine
416,23.0102060921,11.7414344093,15.7628472007,31.4615384615,7.53545232274,535.0,41.0,11.0,370.0,367.0,71.0,143.0,9.0,94.0,951.0,1021.0,965.0,59.0,65.0,nine
417,21.6452001526,12.141850316,15.0999699061,23.3333333333,7.91428571429,62.0,8.0,0.0,44.0,17.0,15.0,10.0,3.0,4.0,86.0,98.0,108.0,4.0,9.0,nine
418,23.2607783702,12.1036768368,16.1920999386,23.4,8.46153846154,29.0,3.0,0.0,14.0,21.0,12.0,5.0,0.0,2.0,52.0,40.0,71.0,6.0,5.0,nine
419,20.159299103,10.7617264691,14.9429648954,15.9,6.58176100629,58.0,12.0,4.0,78.0,53.0,6.0,17.0,6.0,13.0,154.0,207.0,103.0,8.0,20.0,nine
420,21.2696785652,11.1842877658,15.4072787276,11.4285714286,7.165625,76.0,7.0,8.0,65.0,67.0,7.0,15.0,5.0,14.0,154.0,180.0,135.0,5.0,28.0,nine
421,21.1479121835,11.1031775666,15.0385835024,16.16,7.2896039604,76.0,15.0,6.0,87.0,54.0,14.0,12.0,20.0,10.0,167.0,225.0,162.0,17.0,25.0,nine
422,22.0118316086,10.8397393112,13.3016081252,16.3636363636,7.76666666667,45.0,6.0,3.0,35.0,26.0,7.0,5.0,3.0,5.0,73.0,89.0,87.0,4.0,11.0,nine
423,24.1741452326,12.1621160367,16.4256069287,26.8866995074,7.26548186149,1361.0,146.0,61.0,763.0,916.0,149.0,310.0,94.0,543.0,2138.0,3032.0,2337.0,89.0,203.0,nine
424,22.9016335327,11.7900867464,15.8146581035,16.9454545455,7.62231759657,206.0,23.0,3.0,127.0,140.0,48.0,59.0,16.0,77.0,374.0,471.0,421.0,40.0,55.0,nine
425,22.0664975175,10.7242510807,15.2961808766,14.8695652174,6.8567251462,50.0,15.0,4.0,71.0,58.0,12.0,14.0,11.0,21.0,155.0,207.0,131.0,4.0,23.0,nine
426,23.443917635,12.0125753672,16.1344727097,12.7475728155,6.92688499619,337.0,33.0,5.0,215.0,254.0,38.0,100.0,14.0,72.0,607.0,813.0,458.0,42.0,103.0,nine
427,21.887134279,10.4540291979,14.5889881517,15.1935483871,6.93630573248,76.0,14.0,7.0,87.0,85.0,6.0,17.0,26.0,31.0,195.0,279.0,185.0,7.0,31.0,nine
